0,test
5,please,work,man,itWorks!,it,does!
1,tester
ba,aff,sfs,f
2,test3
this,should
3,FinalTest
This,has,to,work,man
4,Does this work?
Yes,No,Maybe
5,sup
dfdf,dfdf,dfs,ssss,seee,wwww,e,eee
6,erwerw
werw,werw
7,ddd
ddds,dss
8,whats
ddd,dddd
9,dd
sdsdd,dfd,dfd
10,hello
one,two
11,dfd
d,dfdf
12,"This is a really long question just to test this out okay, whats the weather?"
Sun,Ass,Rain,Clouder
13,"How is the weather now?? Still raining huh, how bout you rate my course from 1 - 6.5?"
1,1.2,three point 3,7 and a half .5,6.75,5
14,"One last question before you go, how fucking shit is this jinja thing right? Cant even sort out comments. Easy to understand error messages? Naa dont think so buddy"
Ye so shit,Why cant we use matlab?,I love matlab,Would smash matlab
15,fghrg
fghf,fghf,fgh
